From/to,Tokyo,Mumbai,Singapore,Sydney,Canada,Frankfurt,Stockholm,Ireland,Paris,SaoPaulo,Virginia,California,cli-Tokyo,cli-Mumbai,cli-Singapore,cli-Sydney,cli-Canada,cli-Frankfurt,cli-Stockholm,cli-Ireland,cli-Paris,cli-SaoPaulo,cli-Virginia,cli-California
Tokyo,1,100,100,100,100,100,100,100,100,100,100,100,100,100,100,100,100,100,100,100,100,100,100,100
Mumbai,100,1,100,100,100,100,100,100,100,100,100,100,100,100,100,100,100,100,100,100,100,100,100,100
Singapore,100,100,1,100,100,100,100,100,100,100,100,100,100,100,100,100,100,100,100,100,100,100,100,100
Sydney,100,100,100,1,100,100,100,100,100,100,100,100,100,100,100,100,100,100,100,100,100,100,100,100
Canada,100,100,100,100,1,100,100,100,100,100,100,100,100,100,100,100,100,100,100,100,100,100,100,100
Frankfurt,100,100,100,100,100,1,100,100,100,100,100,100,100,100,100,100,100,100,100,100,100,100,100,100
Stockholm,100,100,100,100,100,100,1,100,100,100,100,100,100,100,100,100,100,100,100,100,100,100,100,100
Ireland,100,100,100,100,100,100,100,1,100,100,100,100,100,100,100,100,100,100,100,100,100,100,100,100
Paris,100,100,100,100,100,100,100,100,1,100,100,100,100,100,100,100,100,100,100,100,100,100,100,100
SaoPaulo,100,100,100,100,100,100,100,100,100,1,100,100,100,100,100,100,100,100,100,100,100,100,100,100
Virginia,100,100,100,100,100,100,100,100,100,100,1,100,100,100,100,100,100,100,100,100,100,100,100,100
California,100,100,100,100,100,100,100,100,100,100,100,1,100,100,100,100,100,100,100,100,100,100,100,100
cli-Tokyo,100,100,100,100,100,100,100,100,100,100,100,100,1,100,100,100,100,100,100,100,100,100,100,100
cli-Mumbai,100,100,100,100,100,100,100,100,100,100,100,100,100,1,100,100,100,100,100,100,100,100,100,100
cli-Singapore,100,100,100,100,100,100,100,100,100,100,100,100,100,100,1,100,100,100,100,100,100,100,100,100
cli-Sydney,100,100,100,100,100,100,100,100,100,100,100,100,100,100,100,1,100,100,100,100,100,100,100,100
cli-Canada,100,100,100,100,100,100,100,100,100,100,100,100,100,100,100,100,1,100,100,100,100,100,100,100
cli-Frankfurt,100,100,100,100,100,100,100,100,100,100,100,100,100,100,100,100,100,1,100,100,100,100,100,100
cli-Stockholm,100,100,100,100,100,100,100,100,100,100,100,100,100,100,100,100,100,100,1,100,100,100,100,100
cli-Ireland,100,100,100,100,100,100,100,100,100,100,100,100,100,100,100,100,100,100,100,1,100,100,100,100
cli-Paris,100,100,100,100,100,100,100,100,100,100,100,100,100,100,100,100,100,100,100,100,1,100,100,100
cli-SaoPaulo,100,100,100,100,100,100,100,100,100,100,100,100,100,100,100,100,100,100,100,100,100,1,100,100
cli-Virginia,100,100,100,100,100,100,100,100,100,100,100,100,100,100,100,100,100,100,100,100,100,100,1,100
cli-California,100,100,100,100,100,100,100,100,100,100,100,100,100,100,100,100,100,100,100,100,100,100,100,1